Name,Age
Ernest Taylor,79
Jody Martinez,29
Robert Ross,29
Sean Johnson,91
Dakota Bishop,29
Christy Wood,82
Dr. Tyler Green,23
Joshua Thompson,89
Keith Duncan,46
Stephanie Paul,42
Justin Mckinney DVM,59
Ronald Walker,50
Kara Potts,19
Breanna Smith,75
Richard Williams,35
Annette Cannon,67
Jennifer Jackson,55
Andrew Jimenez,50
Ann Evans,56
Stephanie Johnston,61
Maurice Greer,59
Natalie Robbins,58
John Hernandez,97
George Young,77
Jesse Sanders,37
Jeffrey Allen,65
Rebecca Lam,91
Daniel English,25
Lauren Foster,29
Crystal Murphy,93
Cassandra Lowe,99
Christian Castro,30
Dennis Murphy,75
Jacob Maldonado,43
Anthony Park,19
Brian Johnston,35
Eric Moore,41
Brent Davis,62
Rachel Bennett,18
Sarah Santos,20
Jeremy Espinoza,51
Edward Lane,20
Craig Williamson,18
Daniel Thomas,66
Jenny Baker,29
Peter Smith,32
Jeremy Marshall,80
Michael Johnson,24
Tracy Singleton,28
Joshua Torres,24
Chloe Weber PhD,89
Claudia Terry,96
Sharon Robinson,37
Christian Payne,24
Valerie Juarez,70
Willie Castillo,28
Michael Small,38
William Brennan,53
Nicholas Glass,41
Alexander Jones,19
Luke Ball,94
Todd Phelps,43
Anna West,52
Brian Case,67
David Wells,59
Dale Underwood,26
Heather Robertson,74
John Lewis,27
Christina Holden,59
Kimberly Morales,86
Lauren Sanchez,60
Janice Phelps,28
Scott Fox,61
Karl Rodriguez,63
Karl Garcia,72
Penny Romero,69
Michaela Meyers,62
Patricia Nelson,64
Tiffany Black,22
Peter Gonzalez,40
Renee Vargas,42
Eric Brown,29
Bryan Arnold,23
Andrew Davis,83
Kyle George,38
Ana Mitchell,51
Joanna Farrell,86
Mary Blake,67
Mrs. Brandi Martinez MD,87
Corey Rhodes,56
Cristian Bryan,32
Ashley Diaz,89
Lisa Williamson,80
Theresa Greer,95
Carl Oneal,34
Roger Harris,18
Tiffany Ewing,62
Brad Lewis,98
Dawn Bean,98
Mary Leach,71
