Name,Job,Mail,Domain,Phone,Company,TXT,Num,Address,Dates
Troy Thomas,"Engineer, petroleum",jonathanmartinez@hogan.com,nelson.com,+1-163-630-7033x25163,Watson-Sims,Evidence opportunity think green. Lay Democrat half never bring today. Since player important everybody base tend. Idea outside beautiful. Cost fill performance near offer ground bar. Condition forward range.,10,"0325 Duncan Pass Suite 791
Shawnstad, GA 70654",1980-07-26
Kenneth Harvey,Publishing copy,blakewhite@yahoo.com,patterson.biz,001-723-437-0114x0573,Walker-Hayden,Evening whom whole. Interview especially risk capital word although question. Would catch book fact. Memory major vote social. Dark this easy them. Cup student someone. Picture feel inside.,14,"Unit 5668 Box 3155
DPO AE 61770",1971-04-05
Sharon Thomas,Immunologist,wadejacob@hotmail.com,garcia-johnson.org,(457)517-0895x4878,Mahoney LLC,Suggest identify star among build. You offer black direction war. Career director after successful record. Why similar probably difference there. Too seek less throughout develop message after. Green outside what term support.,19,"7698 Martinez Drive Apt. 961
South Williamstad, WV 57551",1982-11-10
Albert Smith,"Administrator, Civil Service",riverabrittany@yahoo.com,parks-jones.com,0925379476,Holt-Jackson,Population at any oil. Development outside bar if several. With modern tough size example Mrs whom spend. West lead send line culture throughout standard. War way compare there significant cause window. Me simply standard hotel sound. Exist power capital family hard. Add might than boy race pass create. Political inside newspaper radio rest serious just.,11,"562 Cynthia Passage
North Michelle, PA 91333",2017-05-05
Leonard Armstrong,"Therapist, occupational",benjamincarey@williamson-peterson.biz,james.com,+1-730-897-3274x29918,Morris-Miranda,Put surface law. What public note live. Argue specific cold enjoy leader guess member. View particularly spring kind science spring boy. Meet wrong instead certain. Gas eight alone. Weight seem front few. Charge discussion among partner concern say. Rise strategy report condition particularly game figure.,14,"6825 Kevin Shores Apt. 612
Davidmouth, IA 16864",2021-10-09
Taylor Rivera,Careers adviser,miranda09@alvarado.com,anderson.com,573-598-2882x72079,Fuller-Walsh,Officer lot concern ahead factor partner strong play. Under outside goal high on business brother. Training toward evidence voice officer face around increase. Final up hair want attention. Subject surface light seem pass. What crime line identify. Fly turn it keep. Dark country from. Goal section his especially.,14,"757 Andrew Cliffs Suite 328
East Travismouth, OR 87486",1998-04-25
Jonathan Baker,Travel agency manager,hwheeler@yahoo.com,molina.com,(429)011-1813x510,Smith-Mcdowell,Protect card per away control amount reveal. Investment agreement play method. Herself close hot hundred professional home say. Allow discussion red same popular late break. Side suffer enter hit four bill star. Charge another bit run. Under time suffer one public.,20,"USNS Sellers
FPO AE 68752",2019-07-22
Rhonda Carey,Careers adviser,lesliedavis@yates.org,mendez.com,(482)682-1024x40238,Suarez-Olson,Send plan me watch. Ability other else both very inside. Beyond sense effect probably item remember level. Cell view computer civil if bed television itself. Church trade most consumer service. Card light rather first question. Without most safe per here. Book although president huge teacher another still. Stay add response over three west.,14,"4123 Claudia Point Apt. 091
Sandraport, DC 62316",2008-04-28
Oscar Fletcher,"Therapist, speech and language",cduffy@sanchez-bradshaw.com,whitney-crawford.info,001-079-133-4483x751,Boone and Sons,Success record exactly wonder within. Whom network several hard friend themselves will business. It behind ability institution environmental. House why sport program including. List least claim pull soldier manage. Treat wait six fill.,19,"21528 Justin Park
Longchester, OK 41208",2020-03-05
Sandra Robbins,Fish farm manager,vaughncristian@floyd.biz,mills-lloyd.biz,050.521.0954,"King, Mendoza and Ball",Economic suggest likely many. Guess as important audience design little. Official turn whom want late have approach. Set you evening small store matter bank media. Would best spend onto quickly magazine. Happy early write industry early author. Process see defense my professor amount possible. Decade enjoy newspaper only reach involve.,18,"502 Simpson Center Apt. 392
East Lorishire, AZ 91561",2011-05-25
Eddie Williams,Financial manager,dylanbrown@barrett-cruz.org,roberts.com,(792)408-4937,Griffin LLC,Speak common cup any suddenly set hospital reach. Yard second address age guy stuff life church. South check time hotel plant account describe. Security similar TV whom carry style anything foreign. For operation end fight member medical camera. Occur usually training situation tax throw. Manage heavy pull difficult well. Rather be with note military feeling family ask. Audience prove argue own structure model it.,17,"9103 Linda Dam Suite 489
New Richard, ID 05965",2004-03-01
Timothy Harrington,Multimedia programmer,duartejenny@vargas.com,hall-price.net,1977892452,Fuller Group,Idea interview idea ask specific help respond. Suggest where population despite talk director strategy. Finish probably senior. In much owner PM. Effort both claim apply. Police new phone lose. Measure despite section third main whatever. Teach maybe benefit start what matter. Against movie blue skill apply.,16,"4514 Morales Mission Apt. 117
Martinfurt, FL 24968",2012-07-12
James Miller,Diagnostic radiographer,jennifer05@gmail.com,boyle.com,659.797.9903,"Martinez, Williams and Reynolds",Option both newspaper system. Mrs put plant issue color left southern. Office major second ball. Agent whom laugh push program laugh quickly. Decade necessary daughter budget light its seat loss. Figure sister listen bag far us success.,15,"USNS Velez
FPO AA 49065",1991-04-28
Monica Reid,Associate Professor,linda56@garza.com,glass-lewis.biz,142-280-9840x61114,Andersen-Neal,Former job available simply officer wind kind. Often foot reflect cover imagine develop might. Marriage president artist avoid attack you. Argue born senior much. Animal inside nation suggest police kid. Month sense amount loss look only provide. Add camera none senior training determine. Care say hand network defense teacher hot both.,11,"PSC 6367, Box 9839
APO AE 78805",1977-05-21
Michael Harris MD,Chief of Staff,jessicaroberts@hotmail.com,hernandez.org,448.939.7540x46576,Bullock-Barrett,Mouth defense operation suggest capital often. Although edge particular speak major nothing. Memory care easy else son cut education move. Agency series who book year hour walk. Argue happy staff painting. Treatment support realize public soon will store.,14,"30601 Gardner Wall
Garretthaven, DC 53169",1982-02-07
William Smith,Advertising copywriter,trujillovalerie@bradford.com,nelson-palmer.com,830-471-1908x994,"Walker, Buckley and Burns",Future green past. Too rise center thank road describe notice. Body piece throw skin yet present popular. Character between stuff yeah cup require. True strategy style use main remain entire. Become great who weight country. Suddenly on within morning. Central score clearly probably. Wait spring set stop spend food.,13,"512 Adam Drive
Larrychester, HI 85391",1998-05-07
Jessica Price,"Pharmacist, hospital",suzannewilson@hotmail.com,donovan.com,(219)376-8172x758,Miller-Jordan,Kind eye answer we around picture. Politics keep property agree boy pay skill. New truth best collection marriage control pull send. Artist lot southern level break. Suffer red drug probably determine since. Ten receive claim.,17,"Unit 7527 Box 9031
DPO AA 38579",1973-09-28
James Garcia,Oncologist,frankdylan@yahoo.com,rodriguez.info,1139182618,Hooper Ltd,Easy top five including thought. Box include remember vote least. Nothing particularly fund inside speak summer great. Itself room home question amount. Artist investment every father cost memory anyone. Their senior population.,11,"459 Troy Flats
East Christopher, WV 76919",1976-10-29
Trevor Kaiser,"Radiographer, therapeutic",rsmith@flores-gibbs.com,graham-castillo.info,430-072-4301x319,Butler Inc,Baby everything nothing certain expert. Affect before candidate have per site section. Performance foreign cup anything provide become. Idea join fast yes try protect order. Involve three south rest spend table. Enter red sometimes explain road. Control thank game open quality cost increase. Commercial begin quickly buy peace tonight size.,18,"68624 John Green Suite 808
Anthonymouth, UT 74034",1993-07-06
Sharon Rollins,"Scientist, research (medical)",frederick74@hotmail.com,cohen.net,347-771-0967x888,Sherman PLC,Head question one treat end draw. Commercial nation claim put time. Yourself shoulder over. Already part Mr happen. Computer bring everyone any society. Factor should word do. Stop last without your top line responsibility red. Oil science box true trial. Specific win various start describe right.,18,"13254 Cole Dam
East Hannahstad, IN 41171",2003-08-24
